{"proxies":{"com.williamrijksen.onesignal.ComWilliamrijksenOnesignalModule":{"superPackageName":"org.appcelerator.kroll","methods":{"sendTag":{"runOnUiThread":false,"hasInvocation":false,"args":[{"converter":"org.appcelerator.kroll.KrollConverter","defaultValueProvider":"org.appcelerator.kroll.KrollConverter","name":"dict","sourceName":"dict","type":"java.util.HashMap<java.lang.String,java.lang.Object>"}],"apiName":"sendTag","converter":"org.appcelerator.kroll.KrollConverter","defaultValueProvider":"org.appcelerator.kroll.KrollConverter","name":"__default_name__","returnType":"void"},"deleteTag":{"runOnUiThread":false,"hasInvocation":false,"args":[{"converter":"org.appcelerator.kroll.KrollConverter","defaultValueProvider":"org.appcelerator.kroll.KrollConverter","name":"dict","sourceName":"dict","type":"java.util.HashMap<java.lang.String,java.lang.Object>"}],"apiName":"deleteTag","converter":"org.appcelerator.kroll.KrollConverter","defaultValueProvider":"org.appcelerator.kroll.KrollConverter","name":"__default_name__","returnType":"void"},"setExternalUserId":{"runOnUiThread":false,"hasInvocation":false,"args":[{"converter":"org.appcelerator.kroll.KrollConverter","defaultValueProvider":"org.appcelerator.kroll.KrollConverter","name":"id","sourceName":"id","type":"java.lang.String"}],"apiName":"setExternalUserId","converter":"org.appcelerator.kroll.KrollConverter","defaultValueProvider":"org.appcelerator.kroll.KrollConverter","name":"__default_name__","returnType":"void"},"removeExternalUserId":{"runOnUiThread":false,"hasInvocation":false,"args":[],"apiName":"removeExternalUserId","converter":"org.appcelerator.kroll.KrollConverter","defaultValueProvider":"org.appcelerator.kroll.KrollConverter","name":"__default_name__","returnType":"void"},"retrieveToken":{"runOnUiThread":false,"hasInvocation":false,"args":[],"apiName":"retrieveToken","converter":"org.appcelerator.kroll.KrollConverter","defaultValueProvider":"org.appcelerator.kroll.KrollConverter","name":"__default_name__","returnType":"java.lang.String"},"retrievePlayerId":{"runOnUiThread":false,"hasInvocation":false,"args":[],"apiName":"retrievePlayerId","converter":"org.appcelerator.kroll.KrollConverter","defaultValueProvider":"org.appcelerator.kroll.KrollConverter","name":"__default_name__","returnType":"java.lang.String"},"setLogLevel":{"runOnUiThread":false,"hasInvocation":false,"args":[{"converter":"org.appcelerator.kroll.KrollConverter","defaultValueProvider":"org.appcelerator.kroll.KrollConverter","name":"args","sourceName":"args","type":"java.util.HashMap<java.lang.String,java.lang.Object>"}],"apiName":"setLogLevel","converter":"org.appcelerator.kroll.KrollConverter","defaultValueProvider":"org.appcelerator.kroll.KrollConverter","name":"__default_name__","returnType":"void"},"retrieveSubscribed":{"runOnUiThread":false,"hasInvocation":false,"args":[],"apiName":"retrieveSubscribed","converter":"org.appcelerator.kroll.KrollConverter","defaultValueProvider":"org.appcelerator.kroll.KrollConverter","name":"__default_name__","returnType":"boolean"},"getTags":{"runOnUiThread":false,"hasInvocation":false,"args":[{"converter":"org.appcelerator.kroll.KrollConverter","defaultValueProvider":"org.appcelerator.kroll.KrollConverter","name":"handler","sourceName":"handler","type":"org.appcelerator.kroll.KrollFunction"}],"apiName":"getTags","converter":"org.appcelerator.kroll.KrollConverter","defaultValueProvider":"org.appcelerator.kroll.KrollConverter","name":"__default_name__","returnType":"void"},"isRooted":{"runOnUiThread":false,"hasInvocation":false,"args":[],"apiName":"isRooted","converter":"org.appcelerator.kroll.KrollConverter","defaultValueProvider":"org.appcelerator.kroll.KrollConverter","name":"__default_name__","returnType":"boolean"},"setSubscription":{"runOnUiThread":false,"hasInvocation":false,"args":[{"converter":"org.appcelerator.kroll.KrollConverter","defaultValueProvider":"org.appcelerator.kroll.KrollConverter","name":"enable","sourceName":"enable","type":"boolean"}],"apiName":"setSubscription","converter":"org.appcelerator.kroll.KrollConverter","defaultValueProvider":"org.appcelerator.kroll.KrollConverter","name":"__default_name__","returnType":"void"}},"superProxyBindingClassName":"org.appcelerator.kroll.KrollModuleBindingGen","proxyClassName":"ComWilliamrijksenOnesignalModule","proxyAttrs":{"propertyAccessors":[],"fullAPIName":"ComWilliamrijksenOnesignal","name":"ComWilliamrijksenOnesignal","proxyClassName":"com.williamrijksen.onesignal.ComWilliamrijksenOnesignalModule","isTopLevel":false,"id":"com.williamrijksen.onesignal"},"packageName":"com.williamrijksen.onesignal","sourceName":"com.williamrijksen.onesignal.ComWilliamrijksenOnesignalModuleBindingGen","isTitaniumSdk":false,"superProxyClassName":"KrollModule","isModule":true,"genClassName":"ComWilliamrijksenOnesignalModuleBindingGen","onAppCreate":"onAppCreate"}},"modules":{"com.williamrijksen.onesignal.ComWilliamrijksenOnesignalModule":{"apiName":"ComWilliamrijksenOnesignal"}}}