<?xml version="1.0" encoding="UTF-8"?>
<ti:module xmlns:ti="http://ti.appcelerator.org" xmlns:android="http://schemas.android.com/apk/res/android">
    <!--
		Similar to tiapp.xml, but contains module/platform specific
		configuration in <iphone>, <android>, and <mobileweb> sections
	-->
    <iphone></iphone>
    <android xmlns:android="http://schemas.android.com/apk/res/android">
        <manifest>
            <!-- ##START## OneSignal Permissions -->
            <!-- INTERNET and c2dm RECEIVE are basic requirements for push messages from Google. -->
            <uses-permission android:name="android.permission.INTERNET" />
            <uses-permission android:name="com.google.android.c2dm.permission.RECEIVE" />
            <!-- Required, makes sure notifications are delivered on time. -->
            <uses-permission android:name="android.permission.WAKE_LOCK" />
            <!-- Required so the device vibrates on receiving a push notification.
		    Vibration settings of the device still apply. -->
            <uses-permission android:name="android.permission.VIBRATE" />
            <uses-permission android:name="android.permission.ACCESS_NETWORK_STATE" />
            <uses-permission android:name="android.permission.RECEIVE_BOOT_COMPLETED" />
            <!-- START: ShortcutBadger -->
            <!-- Samsung -->
            <uses-permission android:name="com.sec.android.provider.badge.permission.READ" />
            <uses-permission android:name="com.sec.android.provider.badge.permission.WRITE" />
            <!-- HTC -->
            <uses-permission android:name="com.htc.launcher.permission.READ_SETTINGS" />
            <uses-permission android:name="com.htc.launcher.permission.UPDATE_SHORTCUT" />
            <!-- Sony -->
            <uses-permission android:name="com.sonyericsson.home.permission.BROADCAST_BADGE" />
            <uses-permission android:name="com.sonymobile.home.permission.PROVIDER_INSERT_BADGE" />
            <!-- Apex -->
            <uses-permission android:name="com.anddoes.launcher.permission.UPDATE_COUNT" />
            <!-- Solid -->
            <uses-permission android:name="com.majeur.launcher.permission.UPDATE_BADGE" />
            <!-- Huawei -->
            <uses-permission android:name="com.huawei.android.launcher.permission.CHANGE_BADGE" />
            <uses-permission android:name="com.huawei.android.launcher.permission.READ_SETTINGS" />
            <uses-permission android:name="com.huawei.android.launcher.permission.WRITE_SETTINGS" />
            <uses-permission android:name="${tiapp.properties['id']}.permission.MAPS_RECEIVE"/>
            <permission android:name="${tiapp.properties['id']}.permission.MAPS_RECEIVE" android:protectionLevel="signature"/>
            <permission android:name="${tiapp.properties['id']}.permission.C2D_MESSAGE" android:protectionLevel="signature" />
            <uses-permission android:name="${tiapp.properties['id']}.permission.C2D_MESSAGE" />
            <!-- End: ShortcutBadger -->
            <!-- ##END## OneSignal Permissions -->
            <application>
                <meta-data android:name="com.google.android.gms.version" android:value="7571000"/>
                <!-- Application tag requirements below for OneSignal -->
                <!-- ##START## OneSignal -->
                <receiver android:name="com.onesignal.NotificationOpenedReceiver" />
                <service android:name="com.onesignal.GcmIntentService" />
                <service android:name="com.onesignal.SyncService" android:stopWithTask="false" />
                <activity android:name="com.onesignal.PermissionsActivity" android:theme="@android:style/Theme.Translucent.NoTitleBar" />
                <service android:name="com.onesignal.NotificationRestoreService" />
                <receiver android:name="com.onesignal.BootUpReceiver">
                    <intent-filter>
                        <action android:name="android.intent.action.BOOT_COMPLETED" />
                        <action android:name="android.intent.action.QUICKBOOT_POWERON" />
                    </intent-filter>
                </receiver>
                <receiver android:name="com.onesignal.UpgradeReceiver">
                    <intent-filter>
                        <action android:name="android.intent.action.MY_PACKAGE_REPLACED" />
                    </intent-filter>
                </receiver>
                <receiver
                        android:name="com.onesignal.GcmBroadcastReceiver"
                        android:permission="com.google.android.c2dm.permission.SEND" >
                  <intent-filter>
                    <action android:name="com.google.android.c2dm.intent.RECEIVE" />
                    <category android:name="${tiapp.properties['id']}" />
                  </intent-filter>
                </receiver>
                <!-- ##END## OneSignal -->
            </application>
        </manifest>
    </android>
    <mobileweb></mobileweb>
</ti:module>